"Global_active_power","Global_reactive_power","Voltage","Global_intensity","Sub_metering_1","Sub_metering_2","Sub_metering_3"
1,0.169245596207111,-0.645217895429353,0.905783209156152,0.318339624423624,0.407406073682333,0.531103307613188
0.169245596207111,1,-0.138014248516312,0.196069429426406,0.0902620924760263,0.150579233351169,0.0725602873084465
-0.645217895429353,-0.138014248516312,1,-0.676807193668527,-0.210595651357121,-0.251024274045646,-0.39095401083614
0.905783209156152,0.196069429426406,-0.676807193668527,1,0.383427064770123,0.439854292147506,0.523585522934708
0.318339624423624,0.0902620924760263,-0.210595651357121,0.383427064770123,1,0.0811511641631994,0.174789302739947
0.407406073682333,0.150579233351169,-0.251024274045646,0.439854292147506,0.0811511641631994,1,0.144124583951501
0.531103307613188,0.0725602873084465,-0.39095401083614,0.523585522934708,0.174789302739947,0.144124583951501,1
